Date,Start (ET),Visitor/Neutral,PTS,Home/Neutral,PTS1,,,Attend.,LOG,Arena,Notes
Sat Mar 1 2025,6:00p,Washington Wizards,113,Charlotte Hornets,100,Box Score,,17904,1:59,Spectrum Center,
Sat Mar 1 2025,7:00p,Brooklyn Nets,94,Detroit Pistons,115,Box Score,,20062,2:23,Little Caesars Arena,
Sat Mar 1 2025,8:00p,Sacramento Kings,113,Houston Rockets,103,Box Score,,18055,2:10,Toyota Center,
Sat Mar 1 2025,8:00p,San Antonio Spurs,130,Memphis Grizzlies,128,Box Score,,16822,2:18,FedEx Forum,
Sat Mar 1 2025,8:30p,Milwaukee Bucks,132,Dallas Mavericks,117,Box Score,,20272,2:16,American Airlines Center,
Sat Mar 1 2025,8:30p,Golden State Warriors,119,Philadelphia 76ers,126,Box Score,,20159,2:30,Wells Fargo Center,
Sun Mar 2 2025,1:00p,Denver Nuggets,103,Boston Celtics,110,Box Score,,19156,2:18,TD Garden,
Sun Mar 2 2025,3:30p,Portland Trail Blazers,129,Cleveland Cavaliers,133,Box Score,OT,19432,2:51,Rocket Arena,
Sun Mar 2 2025,5:00p,Chicago Bulls,112,Indiana Pacers,127,Box Score,,17028,2:05,Gainbridge Fieldhouse,
Sun Mar 2 2025,6:00p,New York Knicks,116,Miami Heat,112,Box Score,OT,19725,2:32,Kaseya Center,
Sun Mar 2 2025,6:00p,Toronto Raptors,104,Orlando Magic,102,Box Score,,19015,2:38,Kia Center,
Sun Mar 2 2025,7:00p,Oklahoma City Thunder,146,San Antonio Spurs,132,Box Score,,17745,2:21,Frost Bank Center,
Sun Mar 2 2025,8:00p,New Orleans Pelicans,128,Utah Jazz,121,Box Score,,18175,2:10,Delta Center,
Sun Mar 2 2025,9:30p,Los Angeles Clippers,102,Los Angeles Lakers,108,Box Score,,18997,2:14,Crypto.com Arena,
Sun Mar 2 2025,9:30p,Minnesota Timberwolves,116,Phoenix Suns,98,Box Score,,17071,2:18,Footprint Center,
Mon Mar 3 2025,7:00p,Golden State Warriors,119,Charlotte Hornets,101,Box Score,,19223,2:24,Spectrum Center,
Mon Mar 3 2025,7:00p,Portland Trail Blazers,119,Philadelphia 76ers,102,Box Score,,19776,2:01,Wells Fargo Center,
Mon Mar 3 2025,7:30p,Washington Wizards,90,Miami Heat,106,Box Score,,19600,2:09,Kaseya Center,
Mon Mar 3 2025,8:00p,Atlanta Hawks,132,Memphis Grizzlies,130,Box Score,,15719,2:13,FedEx Forum,
Mon Mar 3 2025,8:00p,Houston Rockets,128,Oklahoma City Thunder,137,Box Score,,17714,2:06,Paycom Center,
Mon Mar 3 2025,8:30p,Sacramento Kings,122,Dallas Mavericks,98,Box Score,,19711,2:05,American Airlines Center,
Mon Mar 3 2025,9:00p,Detroit Pistons,134,Utah Jazz,106,Box Score,,18175,2:19,Delta Center,
Tue Mar 4 2025,7:00p,Houston Rockets,102,Indiana Pacers,115,Box Score,,15513,2:09,Gainbridge Fieldhouse,
Tue Mar 4 2025,7:00p,Toronto Raptors,114,Orlando Magic,113,Box Score,,17406,2:42,Kia Center,
Tue Mar 4 2025,7:30p,Milwaukee Bucks,127,Atlanta Hawks,121,Box Score,,16008,2:12,State Farm Arena,
Tue Mar 4 2025,7:30p,Golden State Warriors,114,New York Knicks,102,Box Score,,19812,2:22,Madison Square Garden (IV),
Tue Mar 4 2025,8:00p,Cleveland Cavaliers,139,Chicago Bulls,117,Box Score,,20943,2:21,United Center,
Tue Mar 4 2025,8:00p,Philadelphia 76ers,112,Minnesota Timberwolves,126,Box Score,,17297,2:11,Target Center,
Tue Mar 4 2025,8:30p,Brooklyn Nets,113,San Antonio Spurs,127,Box Score,,16703,2:05,Frost Bank Center,
Tue Mar 4 2025,10:00p,Los Angeles Clippers,117,Phoenix Suns,119,Box Score,,17071,2:26,Footprint Center,
Tue Mar 4 2025,10:30p,New Orleans Pelicans,115,Los Angeles Lakers,136,Box Score,,18997,2:10,Crypto.com Arena,
Wed Mar 5 2025,7:00p,Portland Trail Blazers,118,Boston Celtics,128,Box Score,,19156,2:05,TD Garden,
Wed Mar 5 2025,7:00p,Minnesota Timberwolves,125,Charlotte Hornets,110,Box Score,,17578,2:10,Spectrum Center,
Wed Mar 5 2025,7:00p,Miami Heat,107,Cleveland Cavaliers,112,Box Score,,19432,2:19,Rocket Arena,
Wed Mar 5 2025,7:00p,Utah Jazz,122,Washington Wizards,125,Box Score,,14761,2:20,Capital One Arena,
Wed Mar 5 2025,8:00p,Dallas Mavericks,107,Milwaukee Bucks,137,Box Score,,17341,1:55,Fiserv Forum,
Wed Mar 5 2025,9:00p,Sacramento Kings,110,Denver Nuggets,116,Box Score,,19618,2:18,Ball Arena,
Wed Mar 5 2025,9:30p,Oklahoma City Thunder,120,Memphis Grizzlies,103,Box Score,,16723,2:26,FedEx Forum,
Wed Mar 5 2025,10:30p,Detroit Pistons,115,Los Angeles Clippers,123,Box Score,,17927,2:14,Intuit Dome,
Thu Mar 6 2025,7:00p,Chicago Bulls,125,Orlando Magic,123,Box Score,,17717,2:37,Kia Center,
Thu Mar 6 2025,7:30p,Indiana Pacers,118,Atlanta Hawks,124,Box Score,,15656,2:14,State Farm Arena,
Thu Mar 6 2025,7:30p,Philadelphia 76ers,105,Boston Celtics,123,Box Score,,19156,2:12,TD Garden,
Thu Mar 6 2025,7:30p,Golden State Warriors,121,Brooklyn Nets,119,Box Score,,18413,2:30,Barclays Center,
Thu Mar 6 2025,8:00p,Houston Rockets,109,New Orleans Pelicans,97,Box Score,,17636,2:21,Smoothie King Center,
Thu Mar 6 2025,10:00p,New York Knicks,109,Los Angeles Lakers,113,Box Score,OT,18997,2:52,Crypto.com Arena,
Fri Mar 7 2025,7:00p,Cleveland Cavaliers,118,Charlotte Hornets,117,Box Score,,19296,2:34,Spectrum Center,
Fri Mar 7 2025,7:30p,Memphis Grizzlies,122,Dallas Mavericks,111,Box Score,,20010,2:12,American Airlines Center,
Fri Mar 7 2025,7:30p,Utah Jazz,109,Toronto Raptors,118,Box Score,,18258,2:19,Scotiabank Arena,
Fri Mar 7 2025,8:00p,Minnesota Timberwolves,106,Miami Heat,104,Box Score,,19700,2:11,Kaseya Center,
Fri Mar 7 2025,8:00p,Portland Trail Blazers,89,Oklahoma City Thunder,107,Box Score,,17911,2:07,Paycom Center,
Fri Mar 7 2025,10:00p,Phoenix Suns,141,Denver Nuggets,149,Box Score,OT,19808,2:34,Ball Arena,
Fri Mar 7 2025,10:00p,San Antonio Spurs,109,Sacramento Kings,127,Box Score,,18332,2:12,Golden 1 Center,
Fri Mar 7 2025,10:30p,New York Knicks,95,Los Angeles Clippers,105,Box Score,,17927,2:12,Intuit Dome,
Sat Mar 8 2025,6:00p,Brooklyn Nets,102,Charlotte Hornets,105,Box Score,,18652,2:11,Spectrum Center,
Sat Mar 8 2025,7:00p,New Orleans Pelicans,117,Houston Rockets,146,Box Score,,18055,2:06,Toyota Center,
Sat Mar 8 2025,7:30p,Indiana Pacers,118,Atlanta Hawks,120,Box Score,,17057,2:32,State Farm Arena,
Sat Mar 8 2025,7:30p,Washington Wizards,118,Toronto Raptors,117,Box Score,,19042,2:19,Scotiabank Arena,
Sat Mar 8 2025,8:00p,Chicago Bulls,114,Miami Heat,109,Box Score,,19700,2:13,Kaseya Center,
Sat Mar 8 2025,8:00p,Orlando Magic,111,Milwaukee Bucks,109,Box Score,,17815,2:27,Fiserv Forum,
Sat Mar 8 2025,8:30p,Los Angeles Lakers,101,Boston Celtics,111,Box Score,,19156,2:18,TD Garden,
Sat Mar 8 2025,8:30p,Detroit Pistons,110,Golden State Warriors,115,Box Score,,18064,2:44,Chase Center,
Sun Mar 9 2025,1:00p,Denver Nuggets,103,Oklahoma City Thunder,127,Box Score,,18203,2:17,Paycom Center,
Sun Mar 9 2025,3:30p,Phoenix Suns,125,Dallas Mavericks,116,Box Score,,20013,2:05,American Airlines Center,
Sun Mar 9 2025,7:00p,Memphis Grizzlies,107,New Orleans Pelicans,104,Box Score,,17435,2:20,Smoothie King Center,
Sun Mar 9 2025,7:30p,Utah Jazz,122,Philadelphia 76ers,126,Box Score,,19757,2:20,Wells Fargo Center,
Sun Mar 9 2025,8:00p,Cleveland Cavaliers,112,Milwaukee Bucks,100,Box Score,,17355,2:12,Fiserv Forum,
Sun Mar 9 2025,8:00p,San Antonio Spurs,124,Minnesota Timberwolves,141,Box Score,,17875,2:07,Target Center,
Sun Mar 9 2025,9:00p,Detroit Pistons,119,Portland Trail Blazers,112,Box Score,,19661,2:22,Moda Center,
Sun Mar 9 2025,9:30p,Sacramento Kings,110,Los Angeles Clippers,111,Box Score,OT,17927,2:37,Intuit Dome,
Mon Mar 10 2025,7:30p,Philadelphia 76ers,123,Atlanta Hawks,132,Box Score,,15269,2:12,State Farm Arena,
Mon Mar 10 2025,7:30p,Utah Jazz,108,Boston Celtics,114,Box Score,,19156,2:07,TD Garden,
Mon Mar 10 2025,7:30p,Los Angeles Lakers,108,Brooklyn Nets,111,Box Score,,18215,2:18,Barclays Center,
Mon Mar 10 2025,7:30p,Charlotte Hornets,105,Miami Heat,102,Box Score,,19600,2:15,Kaseya Center,
Mon Mar 10 2025,7:30p,Washington Wizards,104,Toronto Raptors,119,Box Score,,18739,2:06,Scotiabank Arena,
Mon Mar 10 2025,8:00p,Indiana Pacers,103,Chicago Bulls,121,Box Score,,20697,2:09,United Center,
Mon Mar 10 2025,8:00p,Orlando Magic,84,Houston Rockets,97,Box Score,,16665,2:14,Toyota Center,
Mon Mar 10 2025,8:00p,Phoenix Suns,118,Memphis Grizzlies,120,Box Score,,16545,2:33,FedEx Forum,
Mon Mar 10 2025,8:00p,Denver Nuggets,140,Oklahoma City Thunder,127,Box Score,,18203,2:09,Paycom Center,
Mon Mar 10 2025,8:30p,Dallas Mavericks,133,San Antonio Spurs,129,Box Score,,17735,2:16,Frost Bank Center,
Mon Mar 10 2025,10:00p,Portland Trail Blazers,120,Golden State Warriors,130,Box Score,,18064,2:12,Chase Center,
Mon Mar 10 2025,10:30p,New York Knicks,133,Sacramento Kings,104,Box Score,,16539,2:22,Golden 1 Center,
Tue Mar 11 2025,7:00p,Brooklyn Nets,104,Cleveland Cavaliers,109,Box Score,,19432,2:13,Rocket Arena,
Tue Mar 11 2025,7:00p,Washington Wizards,103,Detroit Pistons,123,Box Score,,17699,2:14,Little Caesars Arena,
Tue Mar 11 2025,7:30p,Milwaukee Bucks,114,Indiana Pacers,115,Box Score,,15008,2:30,Gainbridge Fieldhouse,
Tue Mar 11 2025,8:00p,Los Angeles Clippers,120,New Orleans Pelicans,127,Box Score,,17363,2:17,Smoothie King Center,
Wed Mar 12 2025,7:30p,Charlotte Hornets,110,Atlanta Hawks,123,Box Score,,15901,2:18,State Farm Arena,
Wed Mar 12 2025,7:30p,Oklahoma City Thunder,118,Boston Celtics,112,Box Score,,19156,2:17,TD Garden,
Wed Mar 12 2025,7:30p,Philadelphia 76ers,105,Toronto Raptors,118,Box Score,,18864,2:10,Scotiabank Arena,
Wed Mar 12 2025,8:00p,Phoenix Suns,104,Houston Rockets,111,Box Score,,18055,2:12,Toyota Center,
Wed Mar 12 2025,8:00p,Utah Jazz,115,Memphis Grizzlies,122,Box Score,,16232,2:13,FedEx Forum,
Wed Mar 12 2025,8:00p,Los Angeles Clippers,119,Miami Heat,104,Box Score,,19700,2:10,Kaseya Center,
Wed Mar 12 2025,8:00p,Dallas Mavericks,116,San Antonio Spurs,126,Box Score,,18354,2:07,Frost Bank Center,
Wed Mar 12 2025,10:00p,Minnesota Timberwolves,115,Denver Nuggets,95,Box Score,,19832,2:12,Ball Arena,
Wed Mar 12 2025,10:00p,New York Knicks,114,Portland Trail Blazers,113,Box Score,OT,17510,2:41,Moda Center,
Thu Mar 13 2025,7:00p,Washington Wizards,129,Detroit Pistons,125,Box Score,,20062,2:32,Little Caesars Arena,
Thu Mar 13 2025,7:30p,Los Angeles Lakers,106,Milwaukee Bucks,126,Box Score,,18017,2:25,Fiserv Forum,
Thu Mar 13 2025,8:00p,Brooklyn Nets,110,Chicago Bulls,116,Box Score,,21647,2:14,United Center,
Thu Mar 13 2025,8:00p,Orlando Magic,113,New Orleans Pelicans,93,Box Score,,16323,2:10,Smoothie King Center,
Thu Mar 13 2025,10:00p,Sacramento Kings,104,Golden State Warriors,130,Box Score,,18064,2:18,Chase Center,
Fri Mar 14 2025,7:00p,Boston Celtics,103,Miami Heat,91,Box Score,,19719,2:03,Kaseya Center,
Fri Mar 14 2025,7:00p,Indiana Pacers,112,Philadelphia 76ers,100,Box Score,,19758,2:10,Wells Fargo Center,
Fri Mar 14 2025,7:30p,Los Angeles Clippers,121,Atlanta Hawks,98,Box Score,,16561,2:13,State Farm Arena,
Fri Mar 14 2025,8:00p,Dallas Mavericks,96,Houston Rockets,133,Box Score,,16612,1:54,Toyota Center,
Fri Mar 14 2025,8:00p,Cleveland Cavaliers,133,Memphis Grizzlies,124,Box Score,,17051,2:19,FedEx Forum,
Fri Mar 14 2025,8:00p,Orlando Magic,111,Minnesota Timberwolves,118,Box Score,,18978,2:21,Target Center,
Fri Mar 14 2025,8:00p,Charlotte Hornets,145,San Antonio Spurs,134,Box Score,,18510,2:09,Frost Bank Center,
Fri Mar 14 2025,9:30p,Los Angeles Lakers,126,Denver Nuggets,131,Box Score,,19946,2:18,Ball Arena,
Fri Mar 14 2025,9:30p,Toronto Raptors,126,Utah Jazz,118,Box Score,,18175,2:22,Delta Center,
Fri Mar 14 2025,10:00p,Sacramento Kings,106,Phoenix Suns,122,Box Score,,17071,2:12,Footprint Center,
Sat Mar 15 2025,6:00p,Boston Celtics,115,Brooklyn Nets,113,Box Score,,18016,2:10,Barclays Center,
Sat Mar 15 2025,7:00p,Oklahoma City Thunder,113,Detroit Pistons,107,Box Score,,20062,2:34,Little Caesars Arena,
Sat Mar 15 2025,8:00p,Chicago Bulls,114,Houston Rockets,117,Box Score,,18055,2:17,Toyota Center,
Sat Mar 15 2025,8:00p,Miami Heat,91,Memphis Grizzlies,125,Box Score,,17794,2:03,FedEx Forum,
Sat Mar 15 2025,8:00p,Indiana Pacers,119,Milwaukee Bucks,126,Box Score,,17729,2:19,Fiserv Forum,
Sat Mar 15 2025,8:30p,New York Knicks,94,Golden State Warriors,97,Box Score,,18064,2:17,Chase Center,
Sat Mar 15 2025,8:30p,New Orleans Pelicans,115,San Antonio Spurs,119,Box Score,,18549,2:20,Frost Bank Center,
Sat Mar 15 2025,9:00p,Washington Wizards,126,Denver Nuggets,123,Box Score,,19833,2:12,Ball Arena,
Sun Mar 16 2025,1:00p,Orlando Magic,108,Cleveland Cavaliers,103,Box Score,,19432,2:22,Rocket Arena,
Sun Mar 16 2025,1:00p,Philadelphia 76ers,130,Dallas Mavericks,125,Box Score,,19825,2:11,American Airlines Center,
Sun Mar 16 2025,3:30p,Phoenix Suns,96,Los Angeles Lakers,107,Box Score,,18997,2:24,Crypto.com Arena,
Sun Mar 16 2025,6:00p,Atlanta Hawks,114,Brooklyn Nets,122,Box Score,,17926,2:21,Barclays Center,
Sun Mar 16 2025,6:00p,Toronto Raptors,102,Portland Trail Blazers,105,Box Score,,18154,2:15,Moda Center,
Sun Mar 16 2025,7:00p,Charlotte Hornets,88,Los Angeles Clippers,123,Box Score,,17927,1:57,Intuit Dome,
Sun Mar 16 2025,7:00p,Utah Jazz,102,Minnesota Timberwolves,128,Box Score,,18978,2:03,Target Center,
Sun Mar 16 2025,9:00p,Oklahoma City Thunder,121,Milwaukee Bucks,105,Box Score,,17341,2:30,Fiserv Forum,
Mon Mar 17 2025,7:30p,Miami Heat,95,New York Knicks,116,Box Score,,19812,2:19,Madison Square Garden (IV),
Mon Mar 17 2025,8:00p,Philadelphia 76ers,137,Houston Rockets,144,Box Score,OT,16648,2:42,Toyota Center,
Mon Mar 17 2025,8:00p,Indiana Pacers,132,Minnesota Timberwolves,130,Box Score,OT,17955,2:48,Target Center,
Mon Mar 17 2025,8:00p,Detroit Pistons,127,New Orleans Pelicans,81,Box Score,,17398,2:16,Smoothie King Center,
Mon Mar 17 2025,9:00p,Chicago Bulls,111,Utah Jazz,97,Box Score,,18175,2:03,Delta Center,
Mon Mar 17 2025,10:00p,Denver Nuggets,114,Golden State Warriors,105,Box Score,,18064,2:30,Chase Center,
Mon Mar 17 2025,10:00p,Toronto Raptors,89,Phoenix Suns,129,Box Score,,17071,2:03,Footprint Center,
Mon Mar 17 2025,10:00p,Washington Wizards,97,Portland Trail Blazers,112,Box Score,,17919,2:02,Moda Center,
Mon Mar 17 2025,10:00p,Memphis Grizzlies,122,Sacramento Kings,132,Box Score,,16205,2:16,Golden 1 Center,
Mon Mar 17 2025,10:30p,San Antonio Spurs,109,Los Angeles Lakers,125,Box Score,,17723,2:08,Crypto.com Arena,
Tue Mar 18 2025,7:00p,Atlanta Hawks,134,Charlotte Hornets,102,Box Score,,15341,2:05,Spectrum Center,
Tue Mar 18 2025,7:30p,Brooklyn Nets,96,Boston Celtics,104,Box Score,,19156,2:08,TD Garden,
Tue Mar 18 2025,10:00p,Milwaukee Bucks,93,Golden State Warriors,104,Box Score,,18064,2:32,Chase Center,
Tue Mar 18 2025,10:30p,Cleveland Cavaliers,119,Los Angeles Clippers,132,Box Score,,17927,2:22,Intuit Dome,
Wed Mar 19 2025,7:00p,Dallas Mavericks,131,Indiana Pacers,135,Box Score,,15078,2:30,Gainbridge Fieldhouse,
Wed Mar 19 2025,7:00p,Houston Rockets,116,Orlando Magic,108,Box Score,,19609,2:17,Kia Center,
Wed Mar 19 2025,7:30p,Detroit Pistons,116,Miami Heat,113,Box Score,,19600,2:21,Kaseya Center,
Wed Mar 19 2025,8:00p,New Orleans Pelicans,119,Minnesota Timberwolves,115,Box Score,,16936,2:17,Target Center,
Wed Mar 19 2025,8:00p,Philadelphia 76ers,100,Oklahoma City Thunder,133,Box Score,,18203,2:00,Paycom Center,
Wed Mar 19 2025,8:00p,New York Knicks,105,San Antonio Spurs,120,Box Score,,18521,2:10,Frost Bank Center,
Wed Mar 19 2025,9:00p,Washington Wizards,112,Utah Jazz,128,Box Score,,18175,2:01,Delta Center,
Wed Mar 19 2025,10:00p,Denver Nuggets,108,Los Angeles Lakers,120,Box Score,,18997,2:15,Crypto.com Arena,
Wed Mar 19 2025,10:00p,Chicago Bulls,121,Phoenix Suns,127,Box Score,,17071,2:10,Footprint Center,
Wed Mar 19 2025,10:00p,Memphis Grizzlies,99,Portland Trail Blazers,115,Box Score,,18491,2:11,Moda Center,
Wed Mar 19 2025,10:00p,Cleveland Cavaliers,119,Sacramento Kings,123,Box Score,,15919,2:10,Golden 1 Center,
Thu Mar 20 2025,7:00p,New York Knicks,98,Charlotte Hornets,115,Box Score,,18557,2:04,Spectrum Center,
Thu Mar 20 2025,7:00p,Brooklyn Nets,99,Indiana Pacers,105,Box Score,OT,15008,2:37,Gainbridge Fieldhouse,
Thu Mar 20 2025,10:00p,Toronto Raptors,114,Golden State Warriors,117,Box Score,,18064,2:23,Chase Center,
Thu Mar 20 2025,10:00p,Chicago Bulls,128,Sacramento Kings,116,Box Score,,16960,2:18,Golden 1 Center,
Thu Mar 20 2025,10:30p,Milwaukee Bucks,118,Los Angeles Lakers,89,Box Score,,17709,2:10,Crypto.com Arena,
Fri Mar 21 2025,7:00p,Orlando Magic,120,Washington Wizards,105,Box Score,,18317,2:01,Capital One Arena,
Fri Mar 21 2025,8:00p,Houston Rockets,102,Miami Heat,98,Box Score,,19700,2:11,Kaseya Center,
Fri Mar 21 2025,8:00p,New Orleans Pelicans,93,Minnesota Timberwolves,134,Box Score,,18978,2:09,Target Center,
Fri Mar 21 2025,8:00p,Charlotte Hornets,106,Oklahoma City Thunder,141,Box Score,,18203,2:00,Paycom Center,
Fri Mar 21 2025,8:00p,Philadelphia 76ers,120,San Antonio Spurs,128,Box Score,,17803,2:12,Frost Bank Center,
Fri Mar 21 2025,8:30p,Detroit Pistons,117,Dallas Mavericks,123,Box Score,,20071,2:27,American Airlines Center,
Fri Mar 21 2025,9:30p,Boston Celtics,121,Utah Jazz,99,Box Score,,18175,2:00,Delta Center,
Fri Mar 21 2025,10:00p,Cleveland Cavaliers,112,Phoenix Suns,123,Box Score,,17071,1:57,Footprint Center,
Fri Mar 21 2025,10:00p,Denver Nuggets,109,Portland Trail Blazers,128,Box Score,,17410,2:16,Moda Center,
Fri Mar 21 2025,10:30p,Memphis Grizzlies,108,Los Angeles Clippers,128,Box Score,,17927,2:09,Intuit Dome,
Sat Mar 22 2025,5:00p,Brooklyn Nets,103,Indiana Pacers,108,Box Score,,17274,2:23,Gainbridge Fieldhouse,
Sat Mar 22 2025,7:00p,Golden State Warriors,115,Atlanta Hawks,124,Box Score,,17864,2:10,State Farm Arena,
Sat Mar 22 2025,8:00p,Washington Wizards,103,New York Knicks,122,Box Score,,19812,2:15,Madison Square Garden (IV),
Sat Mar 22 2025,10:00p,Milwaukee Bucks,114,Sacramento Kings,108,Box Score,,16911,2:10,Golden 1 Center,
Sat Mar 22 2025,10:30p,Chicago Bulls,146,Los Angeles Lakers,115,Box Score,,18997,2:10,Crypto.com Arena,
Sun Mar 23 2025,3:00p,New Orleans Pelicans,130,Detroit Pistons,136,Box Score,,20062,2:27,Little Caesars Arena,
Sun Mar 23 2025,3:30p,Cleveland Cavaliers,120,Utah Jazz,91,Box Score,,18175,2:12,Delta Center,
Sun Mar 23 2025,6:00p,Philadelphia 76ers,119,Atlanta Hawks,132,Box Score,,16161,2:11,State Farm Arena,
Sun Mar 23 2025,6:00p,Charlotte Hornets,105,Miami Heat,122,Box Score,,19700,2:09,Kaseya Center,
Sun Mar 23 2025,6:00p,Boston Celtics,129,Portland Trail Blazers,116,Box Score,,18181,1:58,Moda Center,
Sun Mar 23 2025,6:00p,San Antonio Spurs,123,Toronto Raptors,89,Box Score,,18276,2:07,Scotiabank Arena,
Sun Mar 23 2025,7:00p,Denver Nuggets,116,Houston Rockets,111,Box Score,,18055,2:33,Toyota Center,
Sat Feb 1 2025,5:00p,Atlanta Hawks,127,Indiana Pacers,132,Box Score,,17274,2:28,Gainbridge Fieldhouse,
Sat Feb 1 2025,5:00p,Orlando Magic,99,Utah Jazz,113,Box Score,,18175,2:16,Delta Center,
Sat Feb 1 2025,7:00p,Denver Nuggets,107,Charlotte Hornets,104,Box Score,,19106,2:10,Spectrum Center,
Sat Feb 1 2025,8:00p,Brooklyn Nets,110,Houston Rockets,98,Box Score,,18055,2:12,Toyota Center,
Sat Feb 1 2025,8:00p,Washington Wizards,105,Minnesota Timberwolves,103,Box Score,,18978,2:16,Target Center,
Sat Feb 1 2025,8:00p,Sacramento Kings,110,Oklahoma City Thunder,144,Box Score,,18203,2:02,Paycom Center,
Sat Feb 1 2025,8:30p,Los Angeles Lakers,128,New York Knicks,112,Box Score,,19812,2:18,Madison Square Garden (IV),
Sat Feb 1 2025,8:30p,Miami Heat,105,San Antonio Spurs,103,Box Score,,18354,2:09,Frost Bank Center,
Sat Feb 1 2025,10:00p,Phoenix Suns,108,Portland Trail Blazers,127,Box Score,,17421,2:11,Moda Center,
Sun Feb 2 2025,3:00p,Chicago Bulls,119,Detroit Pistons,127,Box Score,,20062,2:08,Little Caesars Arena,
Sun Feb 2 2025,3:30p,Dallas Mavericks,101,Cleveland Cavaliers,144,Box Score,,19432,1:59,Rocket Arena,
Sun Feb 2 2025,3:30p,Los Angeles Clippers,108,Toronto Raptors,115,Box Score,,18874,2:04,Scotiabank Arena,
Sun Feb 2 2025,6:00p,Boston Celtics,118,Philadelphia 76ers,110,Box Score,,19766,2:22,Wells Fargo Center,
Sun Feb 2 2025,8:30p,Memphis Grizzlies,132,Milwaukee Bucks,119,Box Score,,17341,2:18,Fiserv Forum,
Mon Feb 3 2025,7:00p,Washington Wizards,124,Charlotte Hornets,114,Box Score,,14129,2:13,Spectrum Center,
Mon Feb 3 2025,7:00p,Atlanta Hawks,132,Detroit Pistons,130,Box Score,,15988,2:28,Little Caesars Arena,
Mon Feb 3 2025,7:30p,Houston Rockets,118,New York Knicks,124,Box Score,,19812,2:29,Madison Square Garden (IV),
Mon Feb 3 2025,8:00p,San Antonio Spurs,109,Memphis Grizzlies,128,Box Score,,16575,2:48,FedEx Forum,
Mon Feb 3 2025,8:00p,Sacramento Kings,116,Minnesota Timberwolves,114,Box Score,,18978,2:16,Target Center,
Mon Feb 3 2025,8:00p,Milwaukee Bucks,96,Oklahoma City Thunder,125,Box Score,,17677,2:00,Paycom Center,
Mon Feb 3 2025,9:00p,New Orleans Pelicans,113,Denver Nuggets,125,Box Score,,19587,2:09,Ball Arena,
Mon Feb 3 2025,9:00p,Indiana Pacers,112,Utah Jazz,111,Box Score,,18175,2:23,Delta Center,
Mon Feb 3 2025,10:00p,Orlando Magic,99,Golden State Warriors,104,Box Score,,18064,2:19,Chase Center,
Mon Feb 3 2025,10:00p,Phoenix Suns,119,Portland Trail Blazers,121,Box Score,OT,16205,2:34,Moda Center,
Tue Feb 4 2025,7:00p,Dallas Mavericks,116,Philadelphia 76ers,118,Box Score,,19756,2:17,Wells Fargo Center,
Tue Feb 4 2025,7:30p,Houston Rockets,97,Brooklyn Nets,99,Box Score,,16564,2:22,Barclays Center,
Tue Feb 4 2025,7:30p,Boston Celtics,112,Cleveland Cavaliers,105,Box Score,,19432,2:26,Rocket Arena,
Tue Feb 4 2025,7:30p,New York Knicks,121,Toronto Raptors,115,Box Score,,17398,2:15,Scotiabank Arena,
Tue Feb 4 2025,8:00p,Miami Heat,124,Chicago Bulls,133,Box Score,,19389,2:11,United Center,
Tue Feb 4 2025,10:00p,Los Angeles Lakers,122,Los Angeles Clippers,97,Box Score,,17927,2:13,Intuit Dome,
Tue Feb 4 2025,10:00p,Indiana Pacers,89,Portland Trail Blazers,112,Box Score,,16005,2:10,Moda Center,
Wed Feb 5 2025,7:00p,San Antonio Spurs,126,Atlanta Hawks,125,Box Score,,17191,2:19,State Farm Arena,
Wed Feb 5 2025,7:00p,Milwaukee Bucks,112,Charlotte Hornets,102,Box Score,,14385,2:00,Spectrum Center,
Wed Feb 5 2025,7:00p,Cleveland Cavaliers,118,Detroit Pistons,115,Box Score,,18734,2:34,Little Caesars Arena,
Wed Feb 5 2025,7:30p,Washington Wizards,119,Brooklyn Nets,102,Box Score,,16035,2:11,Barclays Center,
Wed Feb 5 2025,7:30p,Miami Heat,108,Philadelphia 76ers,101,Box Score,,19770,2:18,Wells Fargo Center,
Wed Feb 5 2025,7:30p,Memphis Grizzlies,138,Toronto Raptors,107,Box Score,,18337,2:13,Scotiabank Arena,
Wed Feb 5 2025,8:00p,Chicago Bulls,108,Minnesota Timberwolves,127,Box Score,,18978,2:17,Target Center,
Wed Feb 5 2025,9:00p,New Orleans Pelicans,119,Denver Nuggets,144,Box Score,,19526,2:06,Ball Arena,
Wed Feb 5 2025,9:00p,Golden State Warriors,128,Utah Jazz,131,Box Score,,18175,2:27,Delta Center,
Wed Feb 5 2025,9:30p,Phoenix Suns,109,Oklahoma City Thunder,140,Box Score,,17451,2:19,Paycom Center,
Wed Feb 5 2025,10:00p,Orlando Magic,130,Sacramento Kings,111,Box Score,,18074,2:13,Golden 1 Center,
Thu Feb 6 2025,7:30p,Dallas Mavericks,127,Boston Celtics,120,Box Score,,19156,2:09,TD Garden,
Thu Feb 6 2025,8:00p,Houston Rockets,114,Minnesota Timberwolves,127,Box Score,,18978,2:18,Target Center,
Thu Feb 6 2025,9:00p,Orlando Magic,90,Denver Nuggets,112,Box Score,,19616,2:09,Ball Arena,
Thu Feb 6 2025,10:00p,Golden State Warriors,112,Los Angeles Lakers,120,Box Score,,18997,2:30,Crypto.com Arena,
Thu Feb 6 2025,10:00p,Sacramento Kings,102,Portland Trail Blazers,108,Box Score,,16953,2:08,Moda Center,
Thu Feb 6 2025,10:30p,Indiana Pacers,119,Los Angeles Clippers,112,Box Score,,13458,2:14,Intuit Dome,
Fri Feb 7 2025,7:00p,San Antonio Spurs,116,Charlotte Hornets,117,Box Score,,19290,2:20,Spectrum Center,
Fri Feb 7 2025,7:00p,Cleveland Cavaliers,134,Washington Wizards,124,Box Score,,20385,2:19,Capital One Arena,
Fri Feb 7 2025,7:30p,Milwaukee Bucks,110,Atlanta Hawks,115,Box Score,,16378,2:11,State Farm Arena,
Fri Feb 7 2025,7:30p,Miami Heat,86,Brooklyn Nets,102,Box Score,,17926,2:11,Barclays Center,
Fri Feb 7 2025,7:30p,Philadelphia 76ers,112,Detroit Pistons,125,Box Score,,19241,2:29,Little Caesars Arena,
Fri Feb 7 2025,8:00p,Toronto Raptors,109,Oklahoma City Thunder,121,Box Score,,18203,2:18,Paycom Center,
Fri Feb 7 2025,10:00p,Utah Jazz,127,Phoenix Suns,135,Box Score,OT,17071,2:24,Footprint Center,
Sat Feb 8 2025,3:00p,Houston Rockets,105,Dallas Mavericks,116,Box Score,,20303,2:25,American Airlines Center,
Sat Feb 8 2025,4:00p,Indiana Pacers,117,Los Angeles Lakers,124,Box Score,,18997,2:37,Crypto.com Arena,
Sat Feb 8 2025,7:00p,San Antonio Spurs,111,Orlando Magic,112,Box Score,,19354,2:11,Kia Center,
Sat Feb 8 2025,7:00p,Atlanta Hawks,125,Washington Wizards,111,Box Score,,16835,2:08,Capital One Arena,
Sat Feb 8 2025,8:00p,Golden State Warriors,132,Chicago Bulls,111,Box Score,,21297,2:22,United Center,
Sat Feb 8 2025,8:00p,Oklahoma City Thunder,125,Memphis Grizzlies,112,Box Score,,17794,2:20,FedEx Forum,
Sat Feb 8 2025,8:00p,Portland Trail Blazers,98,Minnesota Timberwolves,114,Box Score,,18978,2:16,Target Center,
Sat Feb 8 2025,8:30p,Boston Celtics,131,New York Knicks,104,Box Score,,19812,2:13,Madison Square Garden (IV),
Sat Feb 8 2025,9:00p,Denver Nuggets,122,Phoenix Suns,105,Box Score,,17071,2:04,Footprint Center,
Sat Feb 8 2025,10:00p,New Orleans Pelicans,118,Sacramento Kings,123,Box Score,,17832,2:25,Golden 1 Center,
Sat Feb 8 2025,10:30p,Utah Jazz,110,Los Angeles Clippers,130,Box Score,,15892,2:09,Intuit Dome,
Sun Feb 9 2025,1:00p,Charlotte Hornets,102,Detroit Pistons,112,Box Score,,18740,2:15,Little Caesars Arena,
Sun Feb 9 2025,2:00p,Toronto Raptors,87,Houston Rockets,94,Box Score,,16829,2:18,Toyota Center,
Sun Feb 9 2025,2:00p,Philadelphia 76ers,127,Milwaukee Bucks,135,Box Score,,17341,2:20,Fiserv Forum,
Mon Feb 10 2025,7:00p,Minnesota Timberwolves,107,Cleveland Cavaliers,128,Box Score,,19432,2:13,Rocket Arena,
Mon Feb 10 2025,7:00p,Atlanta Hawks,112,Orlando Magic,106,Box Score,,18055,2:21,Kia Center,
Mon Feb 10 2025,7:00p,San Antonio Spurs,131,Washington Wizards,121,Box Score,,17446,2:18,Capital One Arena,
Mon Feb 10 2025,7:30p,Charlotte Hornets,89,Brooklyn Nets,97,Box Score,,16013,2:14,Barclays Center,
Mon Feb 10 2025,7:30p,Boston Celtics,103,Miami Heat,85,Box Score,,19961,1:53,Kaseya Center,
Mon Feb 10 2025,8:00p,Golden State Warriors,125,Milwaukee Bucks,111,Box Score,,17341,2:23,Fiserv Forum,
Mon Feb 10 2025,8:00p,New Orleans Pelicans,101,Oklahoma City Thunder,137,Box Score,,17340,2:09,Paycom Center,
Mon Feb 10 2025,8:30p,Sacramento Kings,129,Dallas Mavericks,128,Box Score,OT,19726,2:33,American Airlines Center,
Mon Feb 10 2025,9:00p,Portland Trail Blazers,117,Denver Nuggets,146,Box Score,,19535,2:10,Ball Arena,
Mon Feb 10 2025,10:30p,Utah Jazz,113,Los Angeles Lakers,132,Box Score,,18997,2:14,Crypto.com Arena,
Tue Feb 11 2025,7:00p,Toronto Raptors,106,Philadelphia 76ers,103,Box Score,,19767,2:08,Wells Fargo Center,
Tue Feb 11 2025,7:30p,New York Knicks,128,Indiana Pacers,115,Box Score,,16685,2:26,Gainbridge Fieldhouse,
Tue Feb 11 2025,8:00p,Detroit Pistons,132,Chicago Bulls,92,Box Score,,18321,2:01,United Center,
Tue Feb 11 2025,10:00p,Memphis Grizzlies,119,Phoenix Suns,112,Box Score,,17071,2:30,Footprint Center,
Wed Feb 12 2025,7:00p,San Antonio Spurs,103,Boston Celtics,116,Box Score,,19156,2:06,TD Garden,
Wed Feb 12 2025,7:00p,Charlotte Hornets,86,Orlando Magic,102,Box Score,,18947,2:04,Kia Center,
Wed Feb 12 2025,7:00p,Indiana Pacers,134,Washington Wizards,130,Box Score,OT,11457,2:35,Capital One Arena,
Wed Feb 12 2025,7:30p,Philadelphia 76ers,96,Brooklyn Nets,100,Box Score,,16133,2:16,Barclays Center,
Wed Feb 12 2025,7:30p,Atlanta Hawks,148,New York Knicks,149,Box Score,OT,19812,2:54,Madison Square Garden (IV),
Wed Feb 12 2025,7:30p,Cleveland Cavaliers,131,Toronto Raptors,108,Box Score,,16549,2:05,Scotiabank Arena,
Wed Feb 12 2025,8:00p,Detroit Pistons,128,Chicago Bulls,110,Box Score,,18916,2:20,United Center,
Wed Feb 12 2025,8:00p,Milwaukee Bucks,103,Minnesota Timberwolves,101,Box Score,,18978,2:06,Target Center,
Wed Feb 12 2025,8:00p,Sacramento Kings,119,New Orleans Pelicans,111,Box Score,,17444,2:14,Smoothie King Center,
Wed Feb 12 2025,8:00p,Miami Heat,101,Oklahoma City Thunder,115,Box Score,,17835,2:10,Paycom Center,
Wed Feb 12 2025,8:30p,Phoenix Suns,111,Houston Rockets,119,Box Score,,16227,2:06,Toyota Center,
Wed Feb 12 2025,9:00p,Portland Trail Blazers,121,Denver Nuggets,132,Box Score,,19901,2:13,Ball Arena,
Wed Feb 12 2025,9:00p,Los Angeles Lakers,119,Utah Jazz,131,Box Score,,18175,2:11,Delta Center,
Wed Feb 12 2025,9:30p,Golden State Warriors,107,Dallas Mavericks,111,Box Score,,20311,2:29,American Airlines Center,
Wed Feb 12 2025,10:30p,Memphis Grizzlies,114,Los Angeles Clippers,128,Box Score,,14997,2:13,Intuit Dome,
Thu Feb 13 2025,8:00p,Golden State Warriors,105,Houston Rockets,98,Box Score,,18055,2:17,Toyota Center,
Thu Feb 13 2025,8:00p,Sacramento Kings,133,New Orleans Pelicans,140,Box Score,OT,16686,2:39,Smoothie King Center,
Thu Feb 13 2025,8:30p,Miami Heat,113,Dallas Mavericks,118,Box Score,,19935,2:11,American Airlines Center,
Thu Feb 13 2025,8:30p,Oklahoma City Thunder,101,Minnesota Timberwolves,116,Box Score,,18978,2:20,Target Center,
Thu Feb 13 2025,9:00p,Los Angeles Clippers,120,Utah Jazz,116,Box Score,OT,18175,2:40,Delta Center,
Wed Feb 19 2025,10:00p,Charlotte Hornets,100,Los Angeles Lakers,97,Box Score,,18997,2:15,Crypto.com Arena,
Thu Feb 20 2025,7:00p,Memphis Grizzlies,113,Indiana Pacers,127,Box Score,,17274,2:13,Gainbridge Fieldhouse,
Thu Feb 20 2025,7:00p,Boston Celtics,124,Philadelphia 76ers,104,Box Score,,19752,2:09,Wells Fargo Center,
Thu Feb 20 2025,7:30p,Orlando Magic,114,Atlanta Hawks,108,Box Score,,16436,2:28,State Farm Arena,
Thu Feb 20 2025,7:30p,Cleveland Cavaliers,110,Brooklyn Nets,97,Box Score,,17926,2:19,Barclays Center,
Thu Feb 20 2025,7:30p,Chicago Bulls,111,New York Knicks,113,Box Score,OT,19812,2:22,Madison Square Garden (IV),
Thu Feb 20 2025,8:00p,Los Angeles Clippers,110,Milwaukee Bucks,116,Box Score,,17341,2:20,Fiserv Forum,
Thu Feb 20 2025,9:00p,Charlotte Hornets,115,Denver Nuggets,129,Box Score,,19870,1:58,Ball Arena,
Thu Feb 20 2025,9:30p,Phoenix Suns,109,San Antonio Spurs,120,Box Score,,16246,2:25,Moody Center,
Thu Feb 20 2025,10:00p,Los Angeles Lakers,110,Portland Trail Blazers,102,Box Score,,19399,2:21,Moda Center,
Fri Feb 21 2025,7:00p,New York Knicks,105,Cleveland Cavaliers,142,Box Score,,19432,2:09,Rocket Arena,
Fri Feb 21 2025,7:00p,Memphis Grizzlies,105,Orlando Magic,104,Box Score,,18945,2:26,Kia Center,
Fri Feb 21 2025,7:00p,Milwaukee Bucks,104,Washington Wizards,101,Box Score,,18865,2:23,Capital One Arena,
Fri Feb 21 2025,7:30p,Miami Heat,120,Toronto Raptors,111,Box Score,OT,19584,2:19,Scotiabank Arena,
Fri Feb 21 2025,8:30p,New Orleans Pelicans,103,Dallas Mavericks,111,Box Score,,20125,2:15,American Airlines Center,
Fri Feb 21 2025,8:30p,Detroit Pistons,125,San Antonio Spurs,110,Box Score,,16143,2:11,Moody Center,
Fri Feb 21 2025,9:30p,Minnesota Timberwolves,115,Houston Rockets,121,Box Score,,18055,2:33,Toyota Center,
Fri Feb 21 2025,9:30p,Oklahoma City Thunder,130,Utah Jazz,107,Box Score,,18175,2:03,Delta Center,
Fri Feb 21 2025,10:00p,Golden State Warriors,132,Sacramento Kings,108,Box Score,,18098,2:08,Golden 1 Center,
Sat Feb 22 2025,5:00p,Phoenix Suns,121,Chicago Bulls,117,Box Score,,21116,2:06,United Center,
Sat Feb 22 2025,7:30p,Brooklyn Nets,105,Philadelphia 76ers,103,Box Score,,20431,2:14,Wells Fargo Center,
Sat Feb 22 2025,8:30p,Los Angeles Lakers,123,Denver Nuggets,100,Box Score,,19998,2:24,Ball Arena,
Sat Feb 22 2025,9:30p,Houston Rockets,115,Utah Jazz,124,Box Score,,18175,2:08,Delta Center,
Sat Feb 22 2025,10:00p,Charlotte Hornets,88,Portland Trail Blazers,141,Box Score,,18501,2:04,Moda Center,
Sun Feb 23 2025,1:00p,New York Knicks,105,Boston Celtics,118,Box Score,,19156,2:06,TD Garden,
Sun Feb 23 2025,3:30p,Dallas Mavericks,102,Golden State Warriors,126,Box Score,,18064,2:15,Chase Center,
Sun Feb 23 2025,5:00p,Los Angeles Clippers,111,Indiana Pacers,129,Box Score,,16950,2:19,Gainbridge Fieldhouse,
Sun Feb 23 2025,6:00p,Detroit Pistons,148,Atlanta Hawks,143,Box Score,,17051,2:30,State Farm Arena,
Sun Feb 23 2025,6:00p,Miami Heat,113,Milwaukee Bucks,120,Box Score,,17442,2:18,Fiserv Forum,
Sun Feb 23 2025,6:00p,Washington Wizards,90,Orlando Magic,110,Box Score,,18712,2:20,Kia Center,
Sun Feb 23 2025,6:00p,Phoenix Suns,109,Toronto Raptors,127,Box Score,,18989,2:15,Scotiabank Arena,
Sun Feb 23 2025,7:00p,Memphis Grizzlies,123,Cleveland Cavaliers,129,Box Score,,19432,2:41,Rocket Arena,
Sun Feb 23 2025,7:00p,San Antonio Spurs,96,New Orleans Pelicans,114,Box Score,,17399,2:16,Smoothie King Center,
Sun Feb 23 2025,9:30p,Oklahoma City Thunder,130,Minnesota Timberwolves,123,Box Score,,18978,2:25,Target Center,
Mon Feb 24 2025,7:00p,Los Angeles Clippers,97,Detroit Pistons,106,Box Score,,18989,2:25,Little Caesars Arena,
Mon Feb 24 2025,7:00p,Denver Nuggets,125,Indiana Pacers,116,Box Score,,16549,2:09,Gainbridge Fieldhouse,
Mon Feb 24 2025,7:00p,Chicago Bulls,142,Philadelphia 76ers,110,Box Score,,19765,2:20,Wells Fargo Center,
Mon Feb 24 2025,7:00p,Brooklyn Nets,99,Washington Wizards,107,Box Score,,13785,2:34,Capital One Arena,
Mon Feb 24 2025,7:30p,Miami Heat,86,Atlanta Hawks,98,Box Score,,16189,2:14,State Farm Arena,
Mon Feb 24 2025,8:00p,Minnesota Timberwolves,131,Oklahoma City Thunder,128,Box Score,OT,18203,2:35,Paycom Center,
Mon Feb 24 2025,9:00p,Portland Trail Blazers,114,Utah Jazz,112,Box Score,,18175,2:25,Delta Center,
Mon Feb 24 2025,10:00p,Charlotte Hornets,88,Sacramento Kings,130,Box Score,,17832,2:13,Golden 1 Center,
Tue Feb 25 2025,7:00p,Boston Celtics,111,Toronto Raptors,101,Box Score,,18134,2:02,Scotiabank Arena,
Tue Feb 25 2025,7:30p,Cleveland Cavaliers,122,Orlando Magic,82,Box Score,,18846,2:07,Kia Center,
Tue Feb 25 2025,8:00p,Milwaukee Bucks,97,Houston Rockets,100,Box Score,,18055,2:14,Toyota Center,
Tue Feb 25 2025,8:00p,Phoenix Suns,148,Memphis Grizzlies,151,Box Score,OT,16202,2:38,FedEx Forum,
Tue Feb 25 2025,8:00p,San Antonio Spurs,103,New Orleans Pelicans,109,Box Score,,16767,2:20,Smoothie King Center,
Tue Feb 25 2025,10:00p,Charlotte Hornets,92,Golden State Warriors,128,Box Score,,18064,2:05,Chase Center,
Tue Feb 25 2025,10:00p,Dallas Mavericks,99,Los Angeles Lakers,107,Box Score,,18997,2:16,Crypto.com Arena,
Wed Feb 26 2025,7:00p,Boston Celtics,97,Detroit Pistons,117,Box Score,,20062,2:01,Little Caesars Arena,
Wed Feb 26 2025,7:00p,Toronto Raptors,91,Indiana Pacers,111,Box Score,,16596,2:05,Gainbridge Fieldhouse,
Wed Feb 26 2025,7:00p,Philadelphia 76ers,105,New York Knicks,110,Box Score,,19812,2:25,Madison Square Garden (IV),
Wed Feb 26 2025,7:00p,Portland Trail Blazers,129,Washington Wizards,121,Box Score,,12943,2:29,Capital One Arena,
Wed Feb 26 2025,7:30p,Oklahoma City Thunder,129,Brooklyn Nets,121,Box Score,,17926,2:30,Barclays Center,
Wed Feb 26 2025,7:30p,Atlanta Hawks,109,Miami Heat,131,Box Score,,19600,2:02,Kaseya Center,
Wed Feb 26 2025,8:00p,Los Angeles Clippers,122,Chicago Bulls,117,Box Score,,20356,2:04,United Center,
Wed Feb 26 2025,9:00p,Sacramento Kings,118,Utah Jazz,101,Box Score,,18175,2:03,Delta Center,
Wed Feb 26 2025,9:30p,San Antonio Spurs,106,Houston Rockets,118,Box Score,,18055,2:11,Toyota Center,
Thu Feb 27 2025,7:00p,Golden State Warriors,121,Orlando Magic,115,Box Score,,18846,2:22,Kia Center,
Thu Feb 27 2025,8:00p,Denver Nuggets,112,Milwaukee Bucks,121,Box Score,,17566,2:15,Fiserv Forum,
Thu Feb 27 2025,8:30p,Charlotte Hornets,96,Dallas Mavericks,103,Box Score,,20009,2:08,American Airlines Center,
Thu Feb 27 2025,9:00p,New Orleans Pelicans,124,Phoenix Suns,116,Box Score,,17071,1:58,Footprint Center,
Thu Feb 27 2025,10:30p,Minnesota Timberwolves,102,Los Angeles Lakers,111,Box Score,,18997,2:28,Crypto.com Arena,
Fri Feb 28 2025,7:00p,Denver Nuggets,134,Detroit Pistons,119,Box Score,,20062,2:14,Little Caesars Arena,
Fri Feb 28 2025,7:30p,Oklahoma City Thunder,135,Atlanta Hawks,119,Box Score,,17712,2:04,State Farm Arena,
Fri Feb 28 2025,7:30p,Cleveland Cavaliers,123,Boston Celtics,116,Box Score,,19156,2:15,TD Garden,
Fri Feb 28 2025,7:30p,Portland Trail Blazers,121,Brooklyn Nets,102,Box Score,,18018,2:20,Barclays Center,
Fri Feb 28 2025,8:00p,Toronto Raptors,115,Chicago Bulls,125,Box Score,OT,20938,2:34,United Center,
Fri Feb 28 2025,8:00p,New York Knicks,114,Memphis Grizzlies,113,Box Score,,17794,2:18,FedEx Forum,
Fri Feb 28 2025,8:00p,Indiana Pacers,120,Miami Heat,125,Box Score,,19850,2:07,Kaseya Center,
Fri Feb 28 2025,9:00p,New Orleans Pelicans,108,Phoenix Suns,125,Box Score,,17071,2:03,Footprint Center,
Fri Feb 28 2025,9:30p,Minnesota Timberwolves,116,Utah Jazz,117,Box Score,,18175,2:02,Delta Center,
Fri Feb 28 2025,10:00p,Los Angeles Clippers,102,Los Angeles Lakers,106,Box Score,,18997,2:25,Crypto.com Arena,
Wed Jan 1 2025,7:00p,Orlando Magic,96,Detroit Pistons,105,Box Score,,19399,2:17,Little Caesars Arena,
Wed Jan 1 2025,7:00p,Chicago Bulls,107,Washington Wizards,125,Box Score,,16298,2:12,Capital One Arena,
Wed Jan 1 2025,7:30p,New Orleans Pelicans,108,Miami Heat,119,Box Score,,20013,2:10,Kaseya Center,
Wed Jan 1 2025,7:30p,Utah Jazz,103,New York Knicks,119,Box Score,,19812,2:06,Madison Square Garden (IV),
Wed Jan 1 2025,7:30p,Brooklyn Nets,113,Toronto Raptors,130,Box Score,,19104,2:10,Scotiabank Arena,
Wed Jan 1 2025,8:00p,Dallas Mavericks,99,Houston Rockets,110,Box Score,,18055,2:17,Toyota Center,
Wed Jan 1 2025,9:00p,Atlanta Hawks,120,Denver Nuggets,139,Box Score,,19902,2:08,Ball Arena,
Wed Jan 1 2025,10:00p,Philadelphia 76ers,107,Sacramento Kings,113,Box Score,,16024,2:18,Golden 1 Center,
Thu Jan 2 2025,7:30p,Indiana Pacers,128,Miami Heat,115,Box Score,,19959,2:05,Kaseya Center,
Thu Jan 2 2025,7:30p,Boston Celtics,118,Minnesota Timberwolves,115,Box Score,,18978,2:11,Target Center,
Thu Jan 2 2025,8:00p,Brooklyn Nets,113,Milwaukee Bucks,110,Box Score,,17341,2:27,Fiserv Forum,
Thu Jan 2 2025,8:00p,Los Angeles Clippers,98,Oklahoma City Thunder,116,Box Score,,18203,2:04,Paycom Center,
Thu Jan 2 2025,10:00p,Philadelphia 76ers,105,Golden State Warriors,139,Box Score,,18064,2:16,Chase Center,
Thu Jan 2 2025,10:30p,Portland Trail Blazers,106,Los Angeles Lakers,114,Box Score,,17812,2:09,Crypto.com Arena,
Fri Jan 3 2025,7:00p,Charlotte Hornets,94,Detroit Pistons,98,Box Score,,18866,2:22,Little Caesars Arena,
Fri Jan 3 2025,7:30p,Orlando Magic,106,Toronto Raptors,97,Box Score,,19278,2:07,Scotiabank Arena,
Fri Jan 3 2025,8:00p,Boston Celtics,109,Houston Rockets,86,Box Score,,18055,2:01,Toyota Center,
Fri Jan 3 2025,8:00p,Washington Wizards,120,New Orleans Pelicans,132,Box Score,,17307,2:17,Smoothie King Center,
Fri Jan 3 2025,8:00p,New York Knicks,107,Oklahoma City Thunder,117,Box Score,,18203,2:13,Paycom Center,
Fri Jan 3 2025,8:30p,Cleveland Cavaliers,134,Dallas Mavericks,122,Box Score,,20231,2:10,American Airlines Center,
Fri Jan 3 2025,9:00p,San Antonio Spurs,113,Denver Nuggets,110,Box Score,,19922,2:02,Ball Arena,
Fri Jan 3 2025,10:00p,Memphis Grizzlies,133,Sacramento Kings,138,Box Score,,16601,2:25,Golden 1 Center,
Fri Jan 3 2025,10:30p,Atlanta Hawks,102,Los Angeles Lakers,119,Box Score,,18997,2:10,Crypto.com Arena,
Sat Jan 4 2025,6:00p,Philadelphia 76ers,123,Brooklyn Nets,94,Box Score,,17926,2:16,Barclays Center,
Sat Jan 4 2025,7:00p,Minnesota Timberwolves,105,Detroit Pistons,119,Box Score,,20062,2:14,Little Caesars Arena,
Sat Jan 4 2025,7:00p,Phoenix Suns,108,Indiana Pacers,126,Box Score,,17274,2:07,Gainbridge Fieldhouse,
Sat Jan 4 2025,8:00p,New York Knicks,126,Chicago Bulls,139,Box Score,,22491,2:23,United Center,
Sat Jan 4 2025,8:00p,Utah Jazz,136,Miami Heat,100,Box Score,,19934,2:07,Kaseya Center,
Sat Jan 4 2025,8:00p,Portland Trail Blazers,105,Milwaukee Bucks,102,Box Score,,17595,2:01,Fiserv Forum,
Sat Jan 4 2025,8:00p,Denver Nuggets,122,San Antonio Spurs,111,Box Score,OT,19038,2:31,Frost Bank Center,
Sat Jan 4 2025,8:30p,Memphis Grizzlies,113,Golden State Warriors,121,Box Score,,18064,2:18,Chase Center,
Sat Jan 4 2025,10:30p,Atlanta Hawks,105,Los Angeles Clippers,131,Box Score,,17927,2:02,Intuit Dome,
Sun Jan 5 2025,3:30p,Boston Celtics,92,Oklahoma City Thunder,105,Box Score,,18203,2:08,Paycom Center,
Sun Jan 5 2025,6:00p,Charlotte Hornets,105,Cleveland Cavaliers,115,Box Score,,19432,2:06,Rocket Arena,
Sun Jan 5 2025,6:00p,New Orleans Pelicans,110,Washington Wizards,98,Box Score,,15451,2:08,Capital One Arena,
Sun Jan 5 2025,6:30p,Utah Jazz,105,Orlando Magic,92,Box Score,,19198,2:03,Kia Center,
Sun Jan 5 2025,7:00p,Los Angeles Lakers,115,Houston Rockets,119,Box Score,,18055,2:16,Toyota Center,
Sun Jan 5 2025,8:30p,Sacramento Kings,129,Golden State Warriors,99,Box Score,,18064,2:08,Chase Center,
Mon Jan 6 2025,7:00p,Portland Trail Blazers,115,Detroit Pistons,118,Box Score,,16002,2:09,Little Caesars Arena,
Mon Jan 6 2025,7:00p,Phoenix Suns,109,Philadelphia 76ers,99,Box Score,,19791,2:16,Wells Fargo Center,
Mon Jan 6 2025,7:30p,Indiana Pacers,113,Brooklyn Nets,99,Box Score,,16088,2:12,Barclays Center,
Mon Jan 6 2025,7:30p,Orlando Magic,103,New York Knicks,94,Box Score,,19812,2:16,Madison Square Garden (IV),
Mon Jan 6 2025,7:30p,Milwaukee Bucks,128,Toronto Raptors,104,Box Score,,17829,2:05,Scotiabank Arena,
Mon Jan 6 2025,8:00p,San Antonio Spurs,110,Chicago Bulls,114,Box Score,,18886,2:13,United Center,
Mon Jan 6 2025,8:00p,Dallas Mavericks,104,Memphis Grizzlies,119,Box Score,,16412,2:12,FedEx Forum,
Mon Jan 6 2025,8:00p,Los Angeles Clippers,106,Minnesota Timberwolves,108,Box Score,,18978,2:17,Target Center,
Mon Jan 6 2025,10:00p,Miami Heat,118,Sacramento Kings,123,Box Score,2OT,17832,2:43,Golden 1 Center,
Tue Jan 7 2025,7:00p,Phoenix Suns,104,Charlotte Hornets,115,Box Score,,16647,2:16,Spectrum Center,
Tue Jan 7 2025,7:00p,Houston Rockets,135,Washington Wizards,112,Box Score,,12930,2:05,Capital One Arena,
Tue Jan 7 2025,7:30p,Los Angeles Lakers,97,Dallas Mavericks,118,Box Score,,20126,2:09,American Airlines Center,
Tue Jan 7 2025,8:00p,Minnesota Timberwolves,104,New Orleans Pelicans,97,Box Score,,16282,2:18,Smoothie King Center,
Tue Jan 7 2025,9:00p,Atlanta Hawks,124,Utah Jazz,121,Box Score,,18175,2:18,Delta Center,
Tue Jan 7 2025,10:00p,Boston Celtics,118,Denver Nuggets,106,Box Score,,19904,2:16,Ball Arena,
Tue Jan 7 2025,10:00p,Miami Heat,114,Golden State Warriors,98,Box Score,,18064,2:01,Chase Center,
Wed Jan 8 2025,7:00p,Oklahoma City Thunder,122,Cleveland Cavaliers,129,Box Score,,19432,2:19,Rocket Arena,
Wed Jan 8 2025,7:00p,Chicago Bulls,113,Indiana Pacers,129,Box Score,,16758,2:15,Gainbridge Fieldhouse,
Wed Jan 8 2025,7:00p,Washington Wizards,103,Philadelphia 76ers,109,Box Score,,19762,2:18,Wells Fargo Center,
Wed Jan 8 2025,7:30p,Detroit Pistons,113,Brooklyn Nets,98,Box Score,,16098,2:07,Barclays Center,
Wed Jan 8 2025,7:30p,Toronto Raptors,98,New York Knicks,112,Box Score,,19812,2:11,Madison Square Garden (IV),
Wed Jan 8 2025,8:00p,Portland Trail Blazers,119,New Orleans Pelicans,100,Box Score,,16425,1:58,Smoothie King Center,
Wed Jan 8 2025,9:00p,Los Angeles Clippers,103,Denver Nuggets,126,Box Score,,19711,2:11,Ball Arena,
Wed Jan 8 2025,9:30p,San Antonio Spurs,105,Milwaukee Bucks,121,Box Score,,17341,2:10,Fiserv Forum,
Thu Jan 9 2025,7:00p,Toronto Raptors,126,Cleveland Cavaliers,132,Box Score,,19432,2:08,Rocket Arena,
Thu Jan 9 2025,7:00p,Golden State Warriors,107,Detroit Pistons,104,Box Score,,20062,2:25,Little Caesars Arena,
Thu Jan 9 2025,7:00p,Minnesota Timberwolves,104,Orlando Magic,89,Box Score,,18846,2:16,Kia Center,
Thu Jan 9 2025,7:30p,Portland Trail Blazers,111,Dallas Mavericks,117,Box Score,,19241,2:15,American Airlines Center,
Thu Jan 9 2025,8:00p,Houston Rockets,119,Memphis Grizzlies,115,Box Score,,16298,2:33,FedEx Forum,
Thu Jan 9 2025,9:00p,Atlanta Hawks,115,Phoenix Suns,123,Box Score,,17071,2:12,Footprint Center,
Thu Jan 9 2025,9:00p,Miami Heat,97,Utah Jazz,92,Box Score,,18175,2:11,Delta Center,
Fri Jan 10 2025,7:00p,Golden State Warriors,96,Indiana Pacers,108,Box Score,,17274,2:03,Gainbridge Fieldhouse,
Fri Jan 10 2025,7:00p,Milwaukee Bucks,109,Orlando Magic,106,Box Score,,18846,2:24,Kia Center,
Fri Jan 10 2025,7:00p,New Orleans Pelicans,123,Philadelphia 76ers,115,Box Score,,19779,2:12,Wells Fargo Center,
Fri Jan 10 2025,7:30p,Sacramento Kings,114,Boston Celtics,97,Box Score,,19156,2:00,TD Garden,
Fri Jan 10 2025,7:30p,Oklahoma City Thunder,126,New York Knicks,101,Box Score,,19812,2:06,Madison Square Garden (IV),
Fri Jan 10 2025,8:00p,Washington Wizards,105,Chicago Bulls,138,Box Score,,21391,2:03,United Center,
Fri Jan 10 2025,9:00p,Brooklyn Nets,105,Denver Nuggets,124,Box Score,,19959,2:20,Ball Arena,
Sat Jan 11 2025,5:00p,Utah Jazz,106,Phoenix Suns,114,Box Score,,17071,2:10,Footprint Center,
Sat Jan 11 2025,7:00p,Toronto Raptors,114,Detroit Pistons,123,Box Score,,19011,2:15,Little Caesars Arena,
Sat Jan 11 2025,8:00p,Memphis Grizzlies,127,Minnesota Timberwolves,125,Box Score,,18978,2:17,Target Center,
Sat Jan 11 2025,10:00p,Miami Heat,119,Portland Trail Blazers,98,Box Score,,17505,2:08,Moda Center,
Sun Jan 12 2025,3:00p,Denver Nuggets,112,Dallas Mavericks,101,Box Score,,20031,2:12,American Airlines Center,
Sun Jan 12 2025,3:00p,Milwaukee Bucks,106,New York Knicks,140,Box Score,,19812,2:14,Madison Square Garden (IV),
Sun Jan 12 2025,3:30p,Sacramento Kings,124,Chicago Bulls,119,Box Score,,18233,2:06,United Center,
Sun Jan 12 2025,6:00p,New Orleans Pelicans,119,Boston Celtics,120,Box Score,,19156,2:15,TD Garden,
Sun Jan 12 2025,6:00p,Indiana Pacers,108,Cleveland Cavaliers,93,Box Score,,19432,2:08,Rocket Arena,
Sun Jan 12 2025,6:00p,Philadelphia 76ers,99,Orlando Magic,104,Box Score,,17723,2:35,Kia Center,
Sun Jan 12 2025,6:00p,Oklahoma City Thunder,136,Washington Wizards,95,Box Score,,15711,2:18,Capital One Arena,
Sun Jan 12 2025,8:00p,Brooklyn Nets,111,Utah Jazz,112,Box Score,OT,18175,2:44,Delta Center,
Sun Jan 12 2025,9:00p,Charlotte Hornets,113,Phoenix Suns,120,Box Score,,17071,2:16,Footprint Center,
Mon Jan 13 2025,7:00p,Minnesota Timberwolves,120,Washington Wizards,106,Box Score,,14386,2:12,Capital One Arena,
Mon Jan 13 2025,7:30p,Detroit Pistons,124,New York Knicks,119,Box Score,,19812,2:17,Madison Square Garden (IV),
Mon Jan 13 2025,7:30p,Golden State Warriors,101,Toronto Raptors,104,Box Score,,19165,2:12,Scotiabank Arena,
Mon Jan 13 2025,8:00p,Memphis Grizzlies,118,Houston Rockets,120,Box Score,,18055,2:20,Toyota Center,
Mon Jan 13 2025,10:30p,Miami Heat,98,Los Angeles Clippers,109,Box Score,,13119,2:02,Intuit Dome,
Mon Jan 13 2025,10:30p,San Antonio Spurs,126,Los Angeles Lakers,102,Box Score,,18737,2:14,Crypto.com Arena,
Tue Jan 14 2025,7:00p,Cleveland Cavaliers,127,Indiana Pacers,117,Box Score,,16035,2:26,Gainbridge Fieldhouse,
Tue Jan 14 2025,7:00p,Oklahoma City Thunder,118,Philadelphia 76ers,102,Box Score,,19771,2:05,Wells Fargo Center,
Tue Jan 14 2025,7:30p,Phoenix Suns,117,Atlanta Hawks,122,Box Score,,16221,2:11,State Farm Arena,
Tue Jan 14 2025,8:00p,New Orleans Pelicans,119,Chicago Bulls,113,Box Score,,17210,2:11,United Center,
Tue Jan 14 2025,8:00p,Sacramento Kings,115,Milwaukee Bucks,130,Box Score,,17341,2:08,Fiserv Forum,
Tue Jan 14 2025,9:30p,Denver Nuggets,118,Dallas Mavericks,99,Box Score,,19798,2:17,American Airlines Center,
Tue Jan 14 2025,10:00p,Brooklyn Nets,132,Portland Trail Blazers,114,Box Score,,16127,2:13,Moda Center,
Wed Jan 15 2025,7:00p,New York Knicks,125,Philadelphia 76ers,119,Box Score,OT,20088,2:34,Wells Fargo Center,
Wed Jan 15 2025,7:30p,Boston Celtics,97,Toronto Raptors,110,Box Score,,18566,2:09,Scotiabank Arena,
Wed Jan 15 2025,8:00p,Atlanta Hawks,110,Chicago Bulls,94,Box Score,,17692,2:06,United Center,
Wed Jan 15 2025,8:00p,Orlando Magic,93,Milwaukee Bucks,122,Box Score,,17341,2:13,Fiserv Forum,
Wed Jan 15 2025,8:00p,Dallas Mavericks,116,New Orleans Pelicans,119,Box Score,,16488,2:13,Smoothie King Center,
Wed Jan 15 2025,8:00p,Memphis Grizzlies,129,San Antonio Spurs,115,Box Score,,18354,2:08,Frost Bank Center,
Wed Jan 15 2025,9:00p,Houston Rockets,128,Denver Nuggets,108,Box Score,,19837,2:07,Ball Arena,
Wed Jan 15 2025,9:00p,Charlotte Hornets,117,Utah Jazz,112,Box Score,,18175,2:09,Delta Center,
Wed Jan 15 2025,9:30p,Golden State Warriors,116,Minnesota Timberwolves,115,Box Score,,18978,2:34,Target Center,
Wed Jan 15 2025,10:00p,Miami Heat,108,Los Angeles Lakers,117,Box Score,,17005,2:03,Crypto.com Arena,
Wed Jan 15 2025,10:30p,Brooklyn Nets,67,Los Angeles Clippers,126,Box Score,,13091,2:17,Intuit Dome,
Thu Jan 16 2025,7:00p,Indiana Pacers,111,Detroit Pistons,100,Box Score,,16366,2:16,Little Caesars Arena,
Thu Jan 16 2025,7:00p,Phoenix Suns,130,Washington Wizards,123,Box Score,,15792,2:19,Capital One Arena,
Thu Jan 16 2025,7:30p,Cleveland Cavaliers,114,Oklahoma City Thunder,134,Box Score,,18203,2:12,Paycom Center,
Thu Jan 16 2025,10:00p,Los Angeles Clippers,118,Portland Trail Blazers,89,Box Score,,16374,2:09,Moda Center,
Thu Jan 16 2025,10:00p,Houston Rockets,127,Sacramento Kings,132,Box Score,,18227,2:21,Golden 1 Center,
Fri Jan 17 2025,7:00p,Orlando Magic,94,Boston Celtics,121,Box Score,,19156,2:23,TD Garden,
Fri Jan 17 2025,7:30p,Minnesota Timberwolves,116,New York Knicks,99,Box Score,,19812,2:07,Madison Square Garden (IV),
Fri Jan 17 2025,8:00p,Charlotte Hornets,125,Chicago Bulls,123,Box Score,,20598,2:11,United Center,
Fri Jan 17 2025,8:00p,Denver Nuggets,133,Miami Heat,113,Box Score,,19828,2:01,Kaseya Center,
Fri Jan 17 2025,8:00p,Toronto Raptors,112,Milwaukee Bucks,130,Box Score,,17341,2:17,Fiserv Forum,
Fri Jan 17 2025,8:00p,Utah Jazz,123,New Orleans Pelicans,136,Box Score,,18321,2:23,Smoothie King Center,
Fri Jan 17 2025,8:30p,Oklahoma City Thunder,98,Dallas Mavericks,106,Box Score,,20311,2:31,American Airlines Center,
Fri Jan 17 2025,9:30p,Memphis Grizzlies,140,San Antonio Spurs,112,Box Score,,18354,2:19,Frost Bank Center,
Fri Jan 17 2025,10:30p,Brooklyn Nets,101,Los Angeles Lakers,102,Box Score,,18473,2:03,Crypto.com Arena,
Sat Jan 18 2025,4:00p,Phoenix Suns,125,Detroit Pistons,121,Box Score,,20062,2:27,Little Caesars Arena,
Sat Jan 18 2025,7:00p,Atlanta Hawks,119,Boston Celtics,115,Box Score,OT,19156,2:40,TD Garden,
Sat Jan 18 2025,7:00p,Philadelphia 76ers,102,Indiana Pacers,115,Box Score,,17274,2:20,Gainbridge Fieldhouse,
Sat Jan 18 2025,8:30p,Washington Wizards,114,Golden State Warriors,122,Box Score,,18064,2:21,Chase Center,
Sat Jan 18 2025,9:00p,Cleveland Cavaliers,124,Minnesota Timberwolves,117,Box Score,,18978,2:16,Target Center,
Sat Jan 18 2025,10:00p,Houston Rockets,125,Portland Trail Blazers,103,Box Score,,17077,2:05,Moda Center,
Sun Jan 19 2025,3:00p,San Antonio Spurs,107,Miami Heat,128,Box Score,,19828,2:00,Kaseya Center,
Sun Jan 19 2025,6:00p,Denver Nuggets,113,Orlando Magic,100,Box Score,,18846,2:13,Kia Center,
Sun Jan 19 2025,7:00p,Philadelphia 76ers,109,Milwaukee Bucks,123,Box Score,,17345,2:09,Fiserv Forum,
Sun Jan 19 2025,7:00p,Brooklyn Nets,101,Oklahoma City Thunder,127,Box Score,,18203,2:03,Paycom Center,
Sun Jan 19 2025,9:00p,Los Angeles Lakers,102,Los Angeles Clippers,116,Box Score,,17927,2:07,Intuit Dome,
Sun Jan 19 2025,9:00p,Chicago Bulls,102,Portland Trail Blazers,113,Box Score,,16976,2:18,Moda Center,
Sun Jan 19 2025,9:00p,Washington Wizards,100,Sacramento Kings,123,Box Score,,17832,2:15,Golden 1 Center,
Mon Jan 20 2025,12:00p,Dallas Mavericks,105,Charlotte Hornets,110,Box Score,,19314,2:21,Spectrum Center,
Mon Jan 20 2025,2:00p,Detroit Pistons,107,Houston Rockets,96,Box Score,,18055,2:04,Toyota Center,
Mon Jan 20 2025,2:30p,Minnesota Timberwolves,106,Memphis Grizzlies,108,Box Score,,17794,2:30,FedEx Forum,
Mon Jan 20 2025,3:00p,Atlanta Hawks,110,New York Knicks,119,Box Score,,19812,2:24,Madison Square Garden (IV),
Mon Jan 20 2025,3:30p,Phoenix Suns,92,Cleveland Cavaliers,118,Box Score,,19432,2:14,Rocket Arena,
Mon Jan 20 2025,5:00p,Boston Celtics,125,Golden State Warriors,85,Box Score,,18064,2:06,Chase Center,
Mon Jan 20 2025,8:00p,Utah Jazz,119,New Orleans Pelicans,123,Box Score,OT,14830,2:30,Smoothie King Center,
Mon Jan 20 2025,10:30p,Chicago Bulls,112,Los Angeles Clippers,99,Box Score,,15293,2:15,Intuit Dome,
Tue Jan 21 2025,7:30p,New York Knicks,99,Brooklyn Nets,95,Box Score,,17926,2:26,Barclays Center,
Tue Jan 21 2025,7:30p,Portland Trail Blazers,116,Miami Heat,107,Box Score,,19600,2:08,Kaseya Center,
Tue Jan 21 2025,7:30p,Orlando Magic,93,Toronto Raptors,109,Box Score,,18284,2:13,Scotiabank Arena,
Tue Jan 21 2025,10:00p,Philadelphia 76ers,109,Denver Nuggets,144,Box Score,,19521,2:12,Ball Arena,
Tue Jan 21 2025,10:30p,Washington Wizards,88,Los Angeles Lakers,111,Box Score,,18672,2:08,Crypto.com Arena,
Wed Jan 22 2025,7:30p,Detroit Pistons,114,Atlanta Hawks,104,Box Score,,13983,2:07,State Farm Arena,
Wed Jan 22 2025,7:30p,Phoenix Suns,108,Brooklyn Nets,84,Box Score,,17077,2:03,Barclays Center,
Wed Jan 22 2025,7:30p,Minnesota Timberwolves,115,Dallas Mavericks,114,Box Score,,20025,2:30,American Airlines Center,
Wed Jan 22 2025,8:00p,Cleveland Cavaliers,108,Houston Rockets,109,Box Score,,16719,2:16,Toyota Center,
Wed Jan 22 2025,8:00p,Charlotte Hornets,120,Memphis Grizzlies,132,Box Score,,15971,2:14,FedEx Forum,
Wed Jan 22 2025,8:00p,Utah Jazz,114,Oklahoma City Thunder,123,Box Score,,17509,2:18,Paycom Center,
Wed Jan 22 2025,10:00p,Golden State Warriors,117,Sacramento Kings,123,Box Score,,17832,2:22,Golden 1 Center,
Wed Jan 22 2025,10:30p,Boston Celtics,117,Los Angeles Clippers,113,Box Score,OT,15342,2:40,Intuit Dome,
Thu Jan 23 2025,2:00p,San Antonio Spurs,140,Indiana Pacers,110,Box Score,,15935,2:02,AccorHotels Arena,
Thu Jan 23 2025,7:00p,Portland Trail Blazers,101,Orlando Magic,79,Box Score,,19422,2:13,Kia Center,
Thu Jan 23 2025,7:30p,Toronto Raptors,122,Atlanta Hawks,119,Box Score,,14662,2:15,State Farm Arena,
Thu Jan 23 2025,8:00p,Dallas Mavericks,121,Oklahoma City Thunder,115,Box Score,,18203,2:31,Paycom Center,
Thu Jan 23 2025,8:30p,Miami Heat,96,Milwaukee Bucks,125,Box Score,,17341,2:16,Fiserv Forum,
Thu Jan 23 2025,9:00p,Sacramento Kings,123,Denver Nuggets,132,Box Score,,19676,2:12,Ball Arena,
Thu Jan 23 2025,10:00p,Chicago Bulls,106,Golden State Warriors,131,Box Score,,18064,2:10,Chase Center,
Thu Jan 23 2025,10:00p,Boston Celtics,96,Los Angeles Lakers,117,Box Score,,18997,2:08,Crypto.com Arena,
Thu Jan 23 2025,10:30p,Washington Wizards,93,Los Angeles Clippers,110,Box Score,,13771,2:11,Intuit Dome,
Fri Jan 24 2025,7:00p,Portland Trail Blazers,102,Charlotte Hornets,97,Box Score,,16228,2:20,Spectrum Center,
Fri Jan 24 2025,7:00p,Cleveland Cavaliers,129,Philadelphia 76ers,132,Box Score,,19760,2:25,Wells Fargo Center,
Fri Jan 24 2025,8:00p,New Orleans Pelicans,126,Memphis Grizzlies,139,Box Score,,16495,2:06,FedEx Forum,
Sat Jan 25 2025,12:00p,Indiana Pacers,136,San Antonio Spurs,98,Box Score,,15979,2:22,AccorHotels Arena,
Sat Jan 25 2025,3:00p,Denver Nuggets,104,Minnesota Timberwolves,133,Box Score,,18978,2:10,Target Center,
Sat Jan 25 2025,5:30p,Boston Celtics,122,Dallas Mavericks,107,Box Score,,20421,2:27,American Airlines Center,
Sat Jan 25 2025,6:00p,Miami Heat,106,Brooklyn Nets,97,Box Score,,17962,2:49,Barclays Center,
Sat Jan 25 2025,7:00p,New Orleans Pelicans,92,Charlotte Hornets,123,Box Score,,18461,2:07,Spectrum Center,
Sat Jan 25 2025,7:00p,Detroit Pistons,113,Orlando Magic,121,Box Score,,19489,2:45,Kia Center,
Sat Jan 25 2025,7:30p,Toronto Raptors,117,Atlanta Hawks,94,Box Score,,17868,2:21,State Farm Arena,
Sat Jan 25 2025,7:30p,Houston Rockets,135,Cleveland Cavaliers,131,Box Score,,19432,2:24,Rocket Arena,
Sat Jan 25 2025,7:30p,Sacramento Kings,120,New York Knicks,143,Box Score,,19812,2:22,Madison Square Garden (IV),
Sat Jan 25 2025,8:00p,Philadelphia 76ers,109,Chicago Bulls,97,Box Score,,20153,2:07,United Center,
Sat Jan 25 2025,8:00p,Utah Jazz,103,Memphis Grizzlies,125,Box Score,,17011,2:20,FedEx Forum,
Sat Jan 25 2025,8:30p,Los Angeles Lakers,118,Golden State Warriors,108,Box Score,,18064,2:16,Chase Center,
Sat Jan 25 2025,9:00p,Washington Wizards,109,Phoenix Suns,119,Box Score,,17071,2:07,Footprint Center,
Sat Jan 25 2025,10:30p,Milwaukee Bucks,117,Los Angeles Clippers,127,Box Score,,17927,2:22,Intuit Dome,
Sun Jan 26 2025,6:00p,Oklahoma City Thunder,118,Portland Trail Blazers,108,Box Score,,17619,2:19,Moda Center,
Mon Jan 27 2025,7:00p,Los Angeles Lakers,112,Charlotte Hornets,107,Box Score,,19483,2:16,Spectrum Center,
Mon Jan 27 2025,7:00p,Detroit Pistons,91,Cleveland Cavaliers,110,Box Score,,19432,2:07,Rocket Arena,
Mon Jan 27 2025,7:30p,Houston Rockets,114,Boston Celtics,112,Box Score,,19156,2:19,TD Garden,
Mon Jan 27 2025,7:30p,Sacramento Kings,110,Brooklyn Nets,96,Box Score,,16093,2:18,Barclays Center,
Mon Jan 27 2025,7:30p,Orlando Magic,119,Miami Heat,125,Box Score,2OT,19600,2:41,Kaseya Center,
Mon Jan 27 2025,7:30p,Memphis Grizzlies,106,New York Knicks,143,Box Score,,19812,2:04,Madison Square Garden (IV),
Mon Jan 27 2025,7:30p,New Orleans Pelicans,104,Toronto Raptors,113,Box Score,,18054,2:17,Scotiabank Arena,
Mon Jan 27 2025,8:00p,Denver Nuggets,121,Chicago Bulls,129,Box Score,,19661,1:59,United Center,
Mon Jan 27 2025,8:00p,Atlanta Hawks,92,Minnesota Timberwolves,100,Box Score,,18978,2:20,Target Center,
Mon Jan 27 2025,8:30p,Washington Wizards,108,Dallas Mavericks,130,Box Score,,20031,1:59,American Airlines Center,
Mon Jan 27 2025,9:00p,Milwaukee Bucks,125,Utah Jazz,110,Box Score,,18175,2:13,Delta Center,
Mon Jan 27 2025,9:30p,Los Angeles Clippers,109,Phoenix Suns,111,Box Score,,17071,2:12,Footprint Center,
Tue Jan 28 2025,7:30p,Houston Rockets,100,Atlanta Hawks,96,Box Score,,15553,2:15,State Farm Arena,
Tue Jan 28 2025,7:30p,Los Angeles Lakers,104,Philadelphia 76ers,118,Box Score,,19775,2:18,Wells Fargo Center,
Tue Jan 28 2025,10:00p,Utah Jazz,103,Golden State Warriors,114,Box Score,,18064,2:19,Chase Center,
Tue Jan 28 2025,10:00p,Milwaukee Bucks,112,Portland Trail Blazers,125,Box Score,,17030,2:20,Moda Center,
Wed Jan 29 2025,7:00p,Brooklyn Nets,104,Charlotte Hornets,83,Box Score,,14307,2:09,Spectrum Center,
Wed Jan 29 2025,7:00p,Detroit Pistons,119,Indiana Pacers,133,Box Score,,16275,2:23,Gainbridge Fieldhouse,
Wed Jan 29 2025,7:00p,Toronto Raptors,106,Washington Wizards,82,Box Score,,13713,2:19,Capital One Arena,
Wed Jan 29 2025,7:30p,Chicago Bulls,100,Boston Celtics,122,Box Score,,19156,2:07,TD Garden,
Wed Jan 29 2025,7:30p,Cleveland Cavaliers,126,Miami Heat,106,Box Score,,19600,2:00,Kaseya Center,
Wed Jan 29 2025,7:30p,Denver Nuggets,112,New York Knicks,122,Box Score,,19812,2:20,Madison Square Garden (IV),
Wed Jan 29 2025,7:30p,Sacramento Kings,104,Philadelphia 76ers,117,Box Score,,19770,2:08,Wells Fargo Center,
Wed Jan 29 2025,8:00p,Dallas Mavericks,137,New Orleans Pelicans,136,Box Score,,15656,2:14,Smoothie King Center,
Wed Jan 29 2025,8:00p,Los Angeles Clippers,128,San Antonio Spurs,116,Box Score,,18354,2:09,Frost Bank Center,
Wed Jan 29 2025,9:00p,Minnesota Timberwolves,121,Phoenix Suns,113,Box Score,,17071,2:25,Footprint Center,
Wed Jan 29 2025,10:00p,Oklahoma City Thunder,109,Golden State Warriors,116,Box Score,,18064,2:30,Chase Center,
Thu Jan 30 2025,7:00p,Atlanta Hawks,115,Cleveland Cavaliers,137,Box Score,,19432,2:11,Rocket Arena,
Thu Jan 30 2025,7:00p,Los Angeles Lakers,134,Washington Wizards,96,Box Score,,17491,2:14,Capital One Arena,
Thu Jan 30 2025,9:00p,Minnesota Timberwolves,138,Utah Jazz,113,Box Score,,18175,2:12,Delta Center,
Thu Jan 30 2025,9:30p,Houston Rockets,119,Memphis Grizzlies,120,Box Score,,16257,2:29,FedEx Forum,
Thu Jan 30 2025,10:00p,Orlando Magic,90,Portland Trail Blazers,119,Box Score,,16217,2:19,Moda Center,
Fri Jan 31 2025,7:00p,Los Angeles Clippers,112,Charlotte Hornets,104,Box Score,,15342,2:14,Spectrum Center,
Fri Jan 31 2025,7:00p,Dallas Mavericks,102,Detroit Pistons,117,Box Score,,20062,2:06,Little Caesars Arena,
Fri Jan 31 2025,7:30p,Denver Nuggets,137,Philadelphia 76ers,134,Box Score,,19764,2:19,Wells Fargo Center,
Fri Jan 31 2025,7:30p,Chicago Bulls,122,Toronto Raptors,106,Box Score,,19365,2:06,Scotiabank Arena,
Fri Jan 31 2025,8:00p,Boston Celtics,118,New Orleans Pelicans,116,Box Score,,16432,2:16,Smoothie King Center,
Fri Jan 31 2025,8:00p,Milwaukee Bucks,118,San Antonio Spurs,144,Box Score,,17804,2:21,Frost Bank Center,
Fri Jan 31 2025,10:00p,Phoenix Suns,130,Golden State Warriors,105,Box Score,,18064,,Chase Center,